{"xpander": {"120": 0.9219047643631747, "60": 1.0}, "jellyfish": {"120": 1.0000000136363638, "60": 1.0}}