{"xpander": {"88": 0.7404958628727546, "44": 1.0}, "jellyfish": {"88": 0.9846153846153847, "44": 1.0}}