{"xpander": {"120": 0.9777777821234568, "60": 1.0}, "jellyfish": {"120": 1.0000000136363638, "60": 1.0}}