{"xpander": {"0.0": 1.0, "0.09": 0.8546915584415584, "0.27": 0.6115381493506493, "0.12": 0.8158685064935065, "0.3": 0.5748417207792208, "0.15": 0.7672199675324676, "0.18": 0.7305316558441558, "0.06": 0.9037946428571428, "0.24": 0.652711038961039, "0.03": 0.9497402597402598, "0.21": 0.6806331168831169}, "jellyfish": {"0.0": 1.0, "0.09": 0.855900974025974, "0.27": 0.6105032467532467, "0.12": 0.8107142857142857, "0.3": 0.5716964285714285, "0.15": 0.7668668831168831, "0.18": 0.7341314935064935, "0.06": 0.9045008116883116, "0.24": 0.6502881493506494, "0.03": 0.9524512987012987, "0.21": 0.6884537337662338}}