{"xpander": {"0.0": 1.0, "0.09": 0.8571793831168831, "0.27": 0.6130073051948052, "0.12": 0.8094318181818182, "0.3": 0.5748051948051948, "0.15": 0.7625852272727273, "0.18": 0.7246428571428571, "0.06": 0.9053774350649351, "0.24": 0.6543262987012987, "0.03": 0.955450487012987, "0.21": 0.6888027597402597}, "jellyfish": {"0.0": 1.0, "0.09": 0.8606696428571429, "0.27": 0.6104991883116883, "0.12": 0.8094967532467533, "0.3": 0.5711201298701298, "0.15": 0.7719926948051948, "0.18": 0.7297362012987013, "0.06": 0.9083563311688312, "0.24": 0.6547362012987012, "0.03": 0.9537337662337663, "0.21": 0.6917816558441559}}